condition_id,condition,primary_role,protein_control,trehalose_control,interface_reference,required_interface_readout,required_bc_readout,classification_if_positive
C0,BC_BASELINE,baseline,no,no,no,surface_tension_and_oxygen_proxy,dry_BC_mass,BASELINE
C1,VEHICLE_BUFFER_MATCH,vehicle_control,no,no,no,surface_tension_and_oxygen_proxy,dry_BC_mass,VEHICLE_EFFECT_IF_DIFF
C2,TREHALOSE_MATCH,trehalose_confound,no,yes,no,surface_tension_and_oxygen_proxy,dry_BC_mass,TREHALOSE_OR_OSMOLARITY_MEDIATED
C3,GENERIC_SOLUBLE_PROTEIN_MATCH,generic_protein_control,yes,no,no,surface_tension_and_oxygen_proxy,dry_BC_mass,GENERIC_PROTEIN_OR_INTERFACE_EFFECT
C4,PVLEA4_LOW,defined_factor_low,matched,no,no,surface_tension_and_oxygen_proxy,dry_BC_mass,PVLEA4_CANDIDATE
C5,PVLEA4_MID,defined_factor_mid,matched,no,no,surface_tension_and_oxygen_proxy,dry_BC_mass,PVLEA4_CANDIDATE
C6,PVLEA4_HIGH,defined_factor_high,matched,no,no,surface_tension_and_oxygen_proxy,dry_BC_mass,PVLEA4_CANDIDATE
C7,PVLEA4_PLUS_TREHALOSE_MATCH,interaction_test,matched,yes,no,surface_tension_and_oxygen_proxy,dry_BC_mass,INTERACTION_OR_SYNERGY_CANDIDATE
C8,NON_NUTRITIONAL_SURFACE_TENSION_REFERENCE,interface_positive_reference,no,no,yes,surface_tension_and_oxygen_proxy,dry_BC_mass,DEFINED_INTERFACE_MEDIATION_REFERENCE
